2fc0f12c-342e-11ec-8fda-fd6f3bb1d206.jpg,['SKIP GAs']
2fde138c-342e-11ec-b6b0-fd6f3bb1d206.jpg,['SKIP GAs']
2ff3ae55-342e-11ec-b605-fd6f3bb1d206.jpg,['SKIP GAs']
30070dcf-342e-11ec-9587-fd6f3bb1d206.jpg,['SKIP GAs']
301a5761-342e-11ec-bcfc-fd6f3bb1d206.jpg,['SKIP GAs']
302ca28d-342e-11ec-93e6-fd6f3bb1d206.jpg,['SKIP GAs']
30405108-342e-11ec-819e-fd6f3bb1d206.jpg,['SKIP GAs']
30528e6f-342e-11ec-af0f-fd6f3bb1d206.jpg,['SKIP GAs']
30681792-342e-11ec-abff-fd6f3bb1d206.jpg,['SKIP GAs']
307d6409-342e-11ec-a3f0-fd6f3bb1d206.jpg,['SKIP GAs']
30917138-342e-11ec-b086-fd6f3bb1d206.jpg,['SKIP GAs']
30a4f221-342e-11ec-8a60-fd6f3bb1d206.jpg,['SKIP GAs']
30b7a855-342e-11ec-8ee1-fd6f3bb1d206.jpg,['SKIP GAs']
30ca5877-342e-11ec-aca3-fd6f3bb1d206.jpg,['SKIP GAs']
30db76b2-342e-11ec-a55c-fd6f3bb1d206.jpg,['SKIP GAs']
30edd32e-342e-11ec-82ef-fd6f3bb1d206.jpg,['SKIP GAs']
30ffe5e4-342e-11ec-8957-fd6f3bb1d206.jpg,['SKIP GAs']
311449f0-342e-11ec-a801-fd6f3bb1d206.jpg,['SKIP GAs']
31268dd7-342e-11ec-8c77-fd6f3bb1d206.jpg,['SKIP GAs']
31394f7f-342e-11ec-b0b0-fd6f3bb1d206.jpg,['SKIP GAs']
314e5742-342e-11ec-bbd7-fd6f3bb1d206.jpg,['SKIP GAs']
31635351-342e-11ec-88cc-fd6f3bb1d206.jpg,['SKIP GAs']
317597f8-342e-11ec-8ac6-fd6f3bb1d206.jpg,['SKIP GAs']
318a5e0a-342e-11ec-bcc4-fd6f3bb1d206.jpg,['SKIP GAs']
319eb923-342e-11ec-85b2-fd6f3bb1d206.jpg,['SKIP GAs']
31b0fc67-342e-11ec-9572-fd6f3bb1d206.jpg,['SKIP GAs']
31c3e12f-342e-11ec-9839-fd6f3bb1d206.jpg,['SKIP GAs']
31d73f67-342e-11ec-8cfb-fd6f3bb1d206.jpg,['SKIP GAs']
31ea617f-342e-11ec-aeee-fd6f3bb1d206.jpg,['SKIP GAs']
31fdbb51-342e-11ec-9d61-fd6f3bb1d206.jpg,['SKIP GAs']
320ff156-342e-11ec-838b-fd6f3bb1d206.jpg,['SKIP GAs']
3221b81b-342e-11ec-9f52-fd6f3bb1d206.jpg,['SKIP GAs']
3233cdd1-342e-11ec-a5da-fd6f3bb1d206.jpg,['SKIP GAs']
32489e82-342e-11ec-9549-fd6f3bb1d206.jpg,['SKIP GAs']
325d52c2-342e-11ec-baaf-fd6f3bb1d206.jpg,['SKIP GAs']
32728bbf-342e-11ec-b569-fd6f3bb1d206.jpg,['SKIP GAs']
3287b98f-342e-11ec-b7eb-fd6f3bb1d206.jpg,['SKIP GAs']
329ae89c-342e-11ec-883b-fd6f3bb1d206.jpg,['SKIP GAs']
32ac85b8-342e-11ec-aa16-fd6f3bb1d206.jpg,['SKIP GAs']
32c134f0-342e-11ec-9971-fd6f3bb1d206.jpg,['SKIP GAs']
32d61a87-342e-11ec-8c25-fd6f3bb1d206.jpg,['SKIP GAs']
32ea1bf1-342e-11ec-a244-fd6f3bb1d206.jpg,['SKIP GAs']
32fee7d3-342e-11ec-b73a-fd6f3bb1d206.jpg,['SKIP GAs']
33150eeb-342e-11ec-802a-fd6f3bb1d206.jpg,['SKIP GAs']
3328841e-342e-11ec-ad36-fd6f3bb1d206.jpg,['SKIP GAs']
333b6ad6-342e-11ec-a881-fd6f3bb1d206.jpg,['SKIP GAs']
334ee346-342e-11ec-844e-fd6f3bb1d206.jpg,['SKIP GAs']
33618269-342e-11ec-80bc-fd6f3bb1d206.jpg,['SKIP GAs']
3375dc47-342e-11ec-b486-fd6f3bb1d206.jpg,['SKIP GAs']
3387b225-342e-11ec-8f60-fd6f3bb1d206.jpg,['SKIP GAs']
339afaee-342e-11ec-b43e-fd6f3bb1d206.jpg,['SKIP GAs']
33ae2a4f-342e-11ec-ab8c-fd6f3bb1d206.jpg,['SKIP GAs']
33c2b70b-342e-11ec-b92c-fd6f3bb1d206.jpg,['SKIP GAs']
33d7508b-342e-11ec-995a-fd6f3bb1d206.jpg,['SKIP GAs']
33ebad73-342e-11ec-96a0-fd6f3bb1d206.jpg,['SKIP GAs']
33ff1485-342e-11ec-85e5-fd6f3bb1d206.jpg,['SKIP GAs']
341186d3-342e-11ec-b4b6-fd6f3bb1d206.jpg,['SKIP GAs']
3425df7f-342e-11ec-9997-fd6f3bb1d206.jpg,['SKIP GAs']
343a2b3f-342e-11ec-a243-fd6f3bb1d206.jpg,['SKIP GAs']
344cbd79-342e-11ec-8b92-fd6f3bb1d206.jpg,['SKIP GAs']
346066e1-342e-11ec-9d35-fd6f3bb1d206.jpg,['SKIP GAs']
3475ce46-342e-11ec-a466-fd6f3bb1d206.jpg,['SKIP GAs']
348a0757-342e-11ec-ac6f-fd6f3bb1d206.jpg,['SKIP GAs']
349cdd8d-342e-11ec-9684-fd6f3bb1d206.jpg,['SKIP GAs']
34b0daf2-342e-11ec-9880-fd6f3bb1d206.jpg,['SKIP GAs']
34c57129-342e-11ec-bdc8-fd6f3bb1d206.jpg,['SKIP GAs']
34d7decf-342e-11ec-90d1-fd6f3bb1d206.jpg,['SKIP GAs']
34ec5320-342e-11ec-a35d-fd6f3bb1d206.jpg,['SKIP GAs']
35017e0b-342e-11ec-b477-fd6f3bb1d206.jpg,['SKIP GAs']
3515e2e9-342e-11ec-a5d8-fd6f3bb1d206.jpg,['SKIP GAs']
35286d0e-342e-11ec-8704-fd6f3bb1d206.jpg,['SKIP GAs']
353bec87-342e-11ec-ad05-fd6f3bb1d206.jpg,['SKIP GAs']
354efad4-342e-11ec-bf51-fd6f3bb1d206.jpg,['SKIP GAs']
35631a82-342e-11ec-b89a-fd6f3bb1d206.jpg,['SKIP GAs']
3578aaca-342e-11ec-8c96-fd6f3bb1d206.jpg,['SKIP GAs']
358e9452-342e-11ec-a522-fd6f3bb1d206.jpg,['SKIP GAs']
35a2c00c-342e-11ec-8a75-fd6f3bb1d206.jpg,['SKIP GAs']
35b76034-342e-11ec-86b0-fd6f3bb1d206.jpg,['SKIP GAs']
35cbb074-342e-11ec-a030-fd6f3bb1d206.jpg,['SKIP GAs']
35e0b951-342e-11ec-82f3-fd6f3bb1d206.jpg,['SKIP GAs']
35f71e07-342e-11ec-95be-fd6f3bb1d206.jpg,['SKIP GAs']
360c74a0-342e-11ec-aecc-fd6f3bb1d206.jpg,['SKIP GAs']
36201740-342e-11ec-9736-fd6f3bb1d206.jpg,['SKIP GAs']
36343732-342e-11ec-a72d-fd6f3bb1d206.jpg,['SKIP GAs']
3649e943-342e-11ec-ba41-fd6f3bb1d206.jpg,['SKIP GAs']
365f0390-342e-11ec-8c9c-fd6f3bb1d206.jpg,['SKIP GAs']
367423c2-342e-11ec-be3a-fd6f3bb1d206.jpg,['SKIP GAs']
36895734-342e-11ec-94a5-fd6f3bb1d206.jpg,['SKIP GAs']
369fc32f-342e-11ec-ae21-fd6f3bb1d206.jpg,['SKIP GAs']
36b6297c-342e-11ec-816a-fd6f3bb1d206.jpg,['SKIP GAs']
36ca4ba7-342e-11ec-a86f-fd6f3bb1d206.jpg,['SKIP GAs']
36df4461-342e-11ec-bda7-fd6f3bb1d206.jpg,['SKIP GAs']
36f491fd-342e-11ec-84d3-fd6f3bb1d206.jpg,['SKIP GAs']
3709edcf-342e-11ec-bd0f-fd6f3bb1d206.jpg,['SKIP GAs']
371f0bb7-342e-11ec-b664-fd6f3bb1d206.jpg,['SKIP GAs']
37340d18-342e-11ec-aa06-fd6f3bb1d206.jpg,['SKIP GAs']
37498f97-342e-11ec-a63b-fd6f3bb1d206.jpg,['SKIP GAs']
375e6dae-342e-11ec-8991-fd6f3bb1d206.jpg,['SKIP GAs']
3773760a-342e-11ec-808b-fd6f3bb1d206.jpg,['SKIP GAs']
3789a03b-342e-11ec-9a70-fd6f3bb1d206.jpg,['SKIP GAs']
379f35ad-342e-11ec-926e-fd6f3bb1d206.jpg,['SKIP GAs']
37b37cba-342e-11ec-aa5f-fd6f3bb1d206.jpg,['SKIP GAs']
37cc63b2-342e-11ec-bb46-fd6f3bb1d206.jpg,['SKIP GAs']
37e1a930-342e-11ec-a983-fd6f3bb1d206.jpg,['SKIP GAs']
37f71224-342e-11ec-822d-fd6f3bb1d206.jpg,['SKIP GAs']
380a824e-342e-11ec-abc8-fd6f3bb1d206.jpg,['SKIP GAs']
381fc933-342e-11ec-855f-fd6f3bb1d206.jpg,['SKIP GAs']
38343f69-342e-11ec-b89b-fd6f3bb1d206.jpg,['SKIP GAs']
38499a22-342e-11ec-8526-fd6f3bb1d206.jpg,['SKIP GAs']
385e5e0f-342e-11ec-b628-fd6f3bb1d206.jpg,['SKIP GAs']
387451fa-342e-11ec-9b28-fd6f3bb1d206.jpg,['SKIP GAs']
3889ed05-342e-11ec-a47e-fd6f3bb1d206.jpg,['SKIP GAs']
38a0557a-342e-11ec-bd57-fd6f3bb1d206.jpg,['SKIP GAs']
38b6e7b2-342e-11ec-9b29-fd6f3bb1d206.jpg,['SKIP GAs']
38cc5aa1-342e-11ec-a2e0-fd6f3bb1d206.jpg,['SKIP GAs']
38e1869b-342e-11ec-a292-fd6f3bb1d206.jpg,['SKIP GAs']
38f77b03-342e-11ec-ba7f-fd6f3bb1d206.jpg,['SKIP GAs']
390e8f37-342e-11ec-9a2e-fd6f3bb1d206.jpg,['SKIP GAs']
3923f179-342e-11ec-ab85-fd6f3bb1d206.jpg,['SKIP GAs']
3938cb77-342e-11ec-bdc3-fd6f3bb1d206.jpg,['SKIP GAs']
394f4fb2-342e-11ec-9b9f-fd6f3bb1d206.jpg,['SKIP GAs']
39645ae0-342e-11ec-ac63-fd6f3bb1d206.jpg,['SKIP GAs']
39788798-342e-11ec-a2d0-fd6f3bb1d206.jpg,['SKIP GAs']
398ac565-342e-11ec-a1f6-fd6f3bb1d206.jpg,['SKIP GAs']
399f6138-342e-11ec-ad5f-fd6f3bb1d206.jpg,['SKIP GAs']
39b1c22c-342e-11ec-8b2f-fd6f3bb1d206.jpg,['SKIP GAs']
39c58127-342e-11ec-8d1e-fd6f3bb1d206.jpg,['SKIP GAs']
39d80010-342e-11ec-92e0-fd6f3bb1d206.jpg,['SKIP GAs']
39eaffdd-342e-11ec-be7d-fd6f3bb1d206.jpg,['SKIP GAs']
39fe1fd8-342e-11ec-8e8a-fd6f3bb1d206.jpg,['SKIP GAs']
3a1212ff-342e-11ec-9855-fd6f3bb1d206.jpg,['SKIP GAs']
3a260f9b-342e-11ec-8660-fd6f3bb1d206.jpg,['SKIP GAs']
3a38e779-342e-11ec-b940-fd6f3bb1d206.jpg,['SKIP GAs']
3a4c7c6a-342e-11ec-a16f-fd6f3bb1d206.jpg,['SKIP GAs']
3a60204c-342e-11ec-9f9d-fd6f3bb1d206.jpg,['SKIP GAs']
3a7329c2-342e-11ec-8e43-fd6f3bb1d206.jpg,['SKIP GAs']
3a8537c8-342e-11ec-92ec-fd6f3bb1d206.jpg,['SKIP GAs']
3a989d62-342e-11ec-a0a6-fd6f3bb1d206.jpg,['SKIP GAs']
3aabe7f7-342e-11ec-9bc6-fd6f3bb1d206.jpg,['SKIP GAs']
3abe7935-342e-11ec-a217-fd6f3bb1d206.jpg,['SKIP GAs']
3ad19651-342e-11ec-bc10-fd6f3bb1d206.jpg,['SKIP GAs']
3ae333c7-342e-11ec-91ee-fd6f3bb1d206.jpg,['SKIP GAs']
3af64966-342e-11ec-84d6-fd6f3bb1d206.jpg,['SKIP GAs']
3b0b532e-342e-11ec-9492-fd6f3bb1d206.jpg,['SKIP GAs']
3b1ff360-342e-11ec-89a6-fd6f3bb1d206.jpg,['SKIP GAs']
3b320677-342e-11ec-b5d2-fd6f3bb1d206.jpg,['SKIP GAs']
3b4606c0-342e-11ec-b8de-fd6f3bb1d206.jpg,['SKIP GAs']
3b592a3e-342e-11ec-a32a-fd6f3bb1d206.jpg,['SKIP GAs']
3b6bb414-342e-11ec-94b4-fd6f3bb1d206.jpg,['SKIP GAs']
3b7eebe1-342e-11ec-8227-fd6f3bb1d206.jpg,['SKIP GAs']
3b91fc61-342e-11ec-9bf5-fd6f3bb1d206.jpg,['SKIP GAs']
3ba5e2b4-342e-11ec-a978-fd6f3bb1d206.jpg,['SKIP GAs']
3bbae73b-342e-11ec-b09c-fd6f3bb1d206.jpg,['SKIP GAs']
3bcbb9b6-342e-11ec-949e-fd6f3bb1d206.jpg,['SKIP GAs']
3be0551a-342e-11ec-b60f-fd6f3bb1d206.jpg,['SKIP GAs']
3bf33608-342e-11ec-8027-fd6f3bb1d206.jpg,['SKIP GAs']
3c063cf7-342e-11ec-b5ac-fd6f3bb1d206.jpg,['SKIP GAs']
3c187928-342e-11ec-8577-fd6f3bb1d206.jpg,['SKIP GAs']
3c2d0429-342e-11ec-9f5f-fd6f3bb1d206.jpg,['SKIP GAs']
3c4201e2-342e-11ec-a2d3-fd6f3bb1d206.jpg,['SKIP GAs']
3c54da06-342e-11ec-8d05-fd6f3bb1d206.jpg,['SKIP GAs']
3c67a420-342e-11ec-bc3d-fd6f3bb1d206.jpg,['SKIP GAs']
3c79f1d2-342e-11ec-a4bd-fd6f3bb1d206.jpg,['SKIP GAs']
3c8def81-342e-11ec-b1e3-fd6f3bb1d206.jpg,['SKIP GAs']
3ca09c62-342e-11ec-84b3-fd6f3bb1d206.jpg,['SKIP GAs']
3cb1fbe6-342e-11ec-9ed5-fd6f3bb1d206.jpg,['SKIP GAs']
3cc6ec88-342e-11ec-a196-fd6f3bb1d206.jpg,['SKIP GAs']
3cdc2642-342e-11ec-816a-fd6f3bb1d206.jpg,['SKIP GAs']
3ceebc3d-342e-11ec-a609-fd6f3bb1d206.jpg,['SKIP GAs']
3d0128db-342e-11ec-9b98-fd6f3bb1d206.jpg,['SKIP GAs']
3d12ca91-342e-11ec-bf28-fd6f3bb1d206.jpg,['SKIP GAs']
3d274622-342e-11ec-b33c-fd6f3bb1d206.jpg,['SKIP GAs']
3d3adbf4-342e-11ec-9245-fd6f3bb1d206.jpg,['SKIP GAs']
3d504643-342e-11ec-a355-fd6f3bb1d206.jpg,['SKIP GAs']
3d626f88-342e-11ec-9884-fd6f3bb1d206.jpg,['SKIP GAs']
3d73f310-342e-11ec-888c-fd6f3bb1d206.jpg,['SKIP GAs']
3d875fe0-342e-11ec-8e85-fd6f3bb1d206.jpg,['SKIP GAs']
3d9cac98-342e-11ec-80a0-fd6f3bb1d206.jpg,['SKIP GAs']
3db1961c-342e-11ec-bb29-fd6f3bb1d206.jpg,['SKIP GAs']
3dc44192-342e-11ec-863f-fd6f3bb1d206.jpg,['SKIP GAs']
3dd73ad4-342e-11ec-ae99-fd6f3bb1d206.jpg,['SKIP GAs']
3de9b33b-342e-11ec-ad66-fd6f3bb1d206.jpg,['SKIP GAs']
3dfc88b6-342e-11ec-8818-fd6f3bb1d206.jpg,['SKIP GAs']
3e0fda9d-342e-11ec-9be5-fd6f3bb1d206.jpg,['SKIP GAs']
3e23624a-342e-11ec-a51f-fd6f3bb1d206.jpg,['SKIP GAs']
3e35a248-342e-11ec-8b1d-fd6f3bb1d206.jpg,['SKIP GAs']
3e498b12-342e-11ec-a381-fd6f3bb1d206.jpg,['SKIP GAs']
3e5d3305-342e-11ec-911e-fd6f3bb1d206.jpg,['SKIP GAs']
3e706da2-342e-11ec-87cf-fd6f3bb1d206.jpg,['SKIP GAs']
3e844b87-342e-11ec-bc05-fd6f3bb1d206.jpg,['SKIP GAs']
3e9726ab-342e-11ec-83c5-fd6f3bb1d206.jpg,['SKIP GAs']
3eaa8f7f-342e-11ec-a9d4-fd6f3bb1d206.jpg,['SKIP GAs']
3ebc99a9-342e-11ec-9fbc-fd6f3bb1d206.jpg,['SKIP GAs']
3ed12a52-342e-11ec-aa03-fd6f3bb1d206.jpg,['SKIP GAs']
3ee3415a-342e-11ec-9f6a-fd6f3bb1d206.jpg,['SKIP GAs']
3ef6b6f8-342e-11ec-a285-fd6f3bb1d206.jpg,['SKIP GAs']
3f09c4d1-342e-11ec-816e-fd6f3bb1d206.jpg,['SKIP GAs']
3f1db7d5-342e-11ec-acba-fd6f3bb1d206.jpg,['SKIP GAs']
3f302a58-342e-11ec-8e58-fd6f3bb1d206.jpg,['SKIP GAs']
3f436dda-342e-11ec-a3d1-fd6f3bb1d206.jpg,['SKIP GAs']
3f56548e-342e-11ec-9acd-fd6f3bb1d206.jpg,['SKIP GAs']
3f6a3ad3-342e-11ec-bca2-fd6f3bb1d206.jpg,['SKIP GAs']
3f7c80d2-342e-11ec-8a06-fd6f3bb1d206.jpg,['SKIP GAs']
3f8f53fd-342e-11ec-b319-fd6f3bb1d206.jpg,['SKIP GAs']
3fa1bc36-342e-11ec-afcf-fd6f3bb1d206.jpg,['SKIP GAs']
3fb6a80e-342e-11ec-aea9-fd6f3bb1d206.jpg,['SKIP GAs']
3fcaa5b9-342e-11ec-8687-fd6f3bb1d206.jpg,['SKIP GAs']
3fdd4ee4-342e-11ec-9422-fd6f3bb1d206.jpg,['SKIP GAs']
3ff151ee-342e-11ec-8e90-fd6f3bb1d206.jpg,['SKIP GAs']
40047528-342e-11ec-8953-fd6f3bb1d206.jpg,['SKIP GAs']
4018aec2-342e-11ec-957d-fd6f3bb1d206.jpg,['SKIP GAs']
402ccc6c-342e-11ec-96fd-fd6f3bb1d206.jpg,['SKIP GAs']
40400052-342e-11ec-961b-fd6f3bb1d206.jpg,['SKIP GAs']
40537a2a-342e-11ec-8257-fd6f3bb1d206.jpg,['SKIP GAs']
40672add-342e-11ec-93a9-fd6f3bb1d206.jpg,['SKIP GAs']
4079ed2f-342e-11ec-a830-fd6f3bb1d206.jpg,['SKIP GAs']
408ed948-342e-11ec-b39f-fd6f3bb1d206.jpg,['SKIP GAs']
40a40262-342e-11ec-b286-fd6f3bb1d206.jpg,['SKIP GAs']
40b7c1c8-342e-11ec-9bce-fd6f3bb1d206.jpg,['SKIP GAs']
40cbd755-342e-11ec-a59b-fd6f3bb1d206.jpg,['SKIP GAs']
40e1153a-342e-11ec-8e8e-fd6f3bb1d206.jpg,['SKIP GAs']
40f49b09-342e-11ec-b20b-fd6f3bb1d206.jpg,['SKIP GAs']
41084f34-342e-11ec-8144-fd6f3bb1d206.jpg,['SKIP GAs']
411bdb92-342e-11ec-9c30-fd6f3bb1d206.jpg,['SKIP GAs']
412f5d27-342e-11ec-92b7-fd6f3bb1d206.jpg,['SKIP GAs']
41421079-342e-11ec-90c7-fd6f3bb1d206.jpg,['SKIP GAs']
4154e14f-342e-11ec-bda9-fd6f3bb1d206.jpg,['SKIP GAs']
4167d655-342e-11ec-8702-fd6f3bb1d206.jpg,['SKIP GAs']
417b8efe-342e-11ec-8649-fd6f3bb1d206.jpg,['SKIP GAs']
418e1f3a-342e-11ec-aca6-fd6f3bb1d206.jpg,['SKIP GAs']
41a23f6f-342e-11ec-bc12-fd6f3bb1d206.jpg,['SKIP GAs']
41b615b4-342e-11ec-8ed4-fd6f3bb1d206.jpg,['SKIP GAs']
41c9ee8e-342e-11ec-a7b6-fd6f3bb1d206.jpg,['SKIP GAs']
41dd1b63-342e-11ec-a453-fd6f3bb1d206.jpg,['SKIP GAs']
41efafd1-342e-11ec-bcfd-fd6f3bb1d206.jpg,['SKIP GAs']
4203a840-342e-11ec-8107-fd6f3bb1d206.jpg,['SKIP GAs']
42168b80-342e-11ec-84b5-fd6f3bb1d206.jpg,['SKIP GAs']
422c5cff-342e-11ec-af41-fd6f3bb1d206.jpg,['SKIP GAs']
42425cb9-342e-11ec-8f17-fd6f3bb1d206.jpg,['SKIP GAs']
4255e7b9-342e-11ec-b5dc-fd6f3bb1d206.jpg,['SKIP GAs']
42686e83-342e-11ec-ac60-fd6f3bb1d206.jpg,['SKIP GAs']
427d39e8-342e-11ec-8490-fd6f3bb1d206.jpg,['SKIP GAs']
4292e293-342e-11ec-90fa-fd6f3bb1d206.jpg,['SKIP GAs']
42a834a3-342e-11ec-81a5-fd6f3bb1d206.jpg,['SKIP GAs']
42bd8d9b-342e-11ec-a245-fd6f3bb1d206.jpg,['SKIP GAs']
42d2e522-342e-11ec-a1a6-fd6f3bb1d206.jpg,['SKIP GAs']
42e5f759-342e-11ec-82e3-fd6f3bb1d206.jpg,['SKIP GAs']
42f78190-342e-11ec-880d-fd6f3bb1d206.jpg,['SKIP GAs']
430b839a-342e-11ec-b731-fd6f3bb1d206.jpg,['SKIP GAs']
431f1270-342e-11ec-8e4c-fd6f3bb1d206.jpg,['SKIP GAs']
43326e3a-342e-11ec-a760-fd6f3bb1d206.jpg,['SKIP GAs']
4344a1d1-342e-11ec-9b5e-fd6f3bb1d206.jpg,['SKIP GAs']
4357d535-342e-11ec-8828-fd6f3bb1d206.jpg,['SKIP GAs']
436b51ca-342e-11ec-bfb8-fd6f3bb1d206.jpg,['SKIP GAs']
437e5a4f-342e-11ec-884a-fd6f3bb1d206.jpg,['SKIP GAs']
439105a0-342e-11ec-b354-fd6f3bb1d206.jpg,['SKIP GAs']
43a4d864-342e-11ec-8443-fd6f3bb1d206.jpg,['SKIP GAs']
43ba6104-342e-11ec-8cea-fd6f3bb1d206.jpg,['SKIP GAs']
43d157f0-342e-11ec-bade-fd6f3bb1d206.jpg,['SKIP GAs']
43e508b5-342e-11ec-8fa4-fd6f3bb1d206.jpg,['SKIP GAs']
43f8a026-342e-11ec-bb09-fd6f3bb1d206.jpg,['SKIP GAs']
440b27d1-342e-11ec-ba7c-fd6f3bb1d206.jpg,['SKIP GAs']
441e1331-342e-11ec-acc3-fd6f3bb1d206.jpg,['SKIP GAs']
45fdfb37-342e-11ec-800d-fd6f3bb1d206.jpg,['215 B6?']
460fb2be-342e-11ec-8744-fd6f3bb1d206.jpg,['215 B6?']
46233211-342e-11ec-ab9c-fd6f3bb1d206.jpg,['215 B6?']
4634e01f-342e-11ec-8a4c-fd6f3bb1d206.jpg,['215 B6?']
4644e963-342e-11ec-a003-fd6f3bb1d206.jpg,['215 B6?']
46577c37-342e-11ec-afa9-fd6f3bb1d206.jpg,['215 B6?']
466a8e24-342e-11ec-8f80-fd6f3bb1d206.jpg,['215 B6?']
467dbaa1-342e-11ec-a347-fd6f3bb1d206.jpg,['215 B6?']
46907a51-342e-11ec-a37e-fd6f3bb1d206.jpg,['215 B6?']
46a3c949-342e-11ec-8241-fd6f3bb1d206.jpg,['215 B6?']
46b58ee9-342e-11ec-a949-fd6f3bb1d206.jpg,['215 B6?']
46c7f9d7-342e-11ec-84f8-fd6f3bb1d206.jpg,['215 B6?']
46db2aab-342e-11ec-86c3-fd6f3bb1d206.jpg,['215 B6?']
489e073a-342e-11ec-b535-fd6f3bb1d206.jpg,['215 BGZ']
4a6ec94c-342e-11ec-b671-fd6f3bb1d206.jpg,['215 BGZ']
4c328398-342e-11ec-a24a-fd6f3bb1d206.jpg,['215 B6z']
4df2e6f4-342e-11ec-8771-fd6f3bb1d206.jpg,['215 BGZ']
4e06a6a7-342e-11ec-b958-fd6f3bb1d206.jpg,['215 BGZ']
4ff26130-342e-11ec-b6e2-fd6f3bb1d206.jpg,['215 BG2']
51e8fca5-342e-11ec-a61c-fd6f3bb1d206.jpg,['215 B62']
51fc7ed0-342e-11ec-b041-fd6f3bb1d206.jpg,['215 B62']
5210139b-342e-11ec-a192-fd6f3bb1d206.jpg,['215 B62']
52226fa0-342e-11ec-8552-fd6f3bb1d206.jpg,['215 B62']
523708d8-342e-11ec-b671-fd6f3bb1d206.jpg,['215 B62']
524a85eb-342e-11ec-a060-fd6f3bb1d206.jpg,['215 B62']
5264ecc2-342e-11ec-b73b-fd6f3bb1d206.jpg,['215 B62']
527a4ce8-342e-11ec-9657-fd6f3bb1d206.jpg,['215 B62']
528fddf7-342e-11ec-a918-fd6f3bb1d206.jpg,['215 B62']
52a65635-342e-11ec-8a04-fd6f3bb1d206.jpg,['215 B62']
52b8f15f-342e-11ec-8f07-fd6f3bb1d206.jpg,['215 B62']
52cb0c4a-342e-11ec-ae00-fd6f3bb1d206.jpg,['215 B62']
52df3d00-342e-11ec-b76c-fd6f3bb1d206.jpg,['215 B62']
52f25289-342e-11ec-a321-fd6f3bb1d206.jpg,['215 B62']
5305d079-342e-11ec-80a1-fd6f3bb1d206.jpg,['215 B62']
531a195e-342e-11ec-8251-fd6f3bb1d206.jpg,['215 B62']
532d2054-342e-11ec-b843-fd6f3bb1d206.jpg,['215 B62']
533f74d5-342e-11ec-a392-fd6f3bb1d206.jpg,['215 B62']
5351b86b-342e-11ec-bddd-fd6f3bb1d206.jpg,['215 B62']
5363bd52-342e-11ec-a523-fd6f3bb1d206.jpg,['215 B62']
53796a8b-342e-11ec-a261-fd6f3bb1d206.jpg,['215 B62']
53919802-342e-11ec-95c2-fd6f3bb1d206.jpg,['215 B62']
53a4790d-342e-11ec-97b8-fd6f3bb1d206.jpg,['215 B62']
53b82799-342e-11ec-9037-fd6f3bb1d206.jpg,['215 B62']
53cc4f3a-342e-11ec-827f-fd6f3bb1d206.jpg,['215 B62']
53e06652-342e-11ec-b29b-fd6f3bb1d206.jpg,['215 B62']
53f5588e-342e-11ec-a5ec-fd6f3bb1d206.jpg,['215 B62']
5409710a-342e-11ec-b3d9-fd6f3bb1d206.jpg,['215 B62']
541ebe4e-342e-11ec-9419-fd6f3bb1d206.jpg,['215 B62']
54304bf7-342e-11ec-ae08-fd6f3bb1d206.jpg,['215 B62']
54437528-342e-11ec-bb98-fd6f3bb1d206.jpg,['215 B62']
545870cb-342e-11ec-b78a-fd6f3bb1d206.jpg,['215 B62']
546beea1-342e-11ec-974d-fd6f3bb1d206.jpg,['215 B62']
5482b286-342e-11ec-adf1-fd6f3bb1d206.jpg,['215 B62']
5494d486-342e-11ec-85bf-fd6f3bb1d206.jpg,['215 B62']
54a7bdab-342e-11ec-9504-fd6f3bb1d206.jpg,['215 B62']
54bcecaf-342e-11ec-af4e-fd6f3bb1d206.jpg,['215 B62']
54d26f5f-342e-11ec-9b35-fd6f3bb1d206.jpg,['215 B62']
54e54859-342e-11ec-a10b-fd6f3bb1d206.jpg,['215 B62']
54f8af0e-342e-11ec-ab49-fd6f3bb1d206.jpg,['215 B62']
550e6985-342e-11ec-a26a-fd6f3bb1d206.jpg,['215 B62']
5521428b-342e-11ec-b1f5-fd6f3bb1d206.jpg,['215 B62']
5531ea29-342e-11ec-94ef-fd6f3bb1d206.jpg,['215 B62']
554538cb-342e-11ec-bf9a-fd6f3bb1d206.jpg,['215 B62']
555a9c78-342e-11ec-9db8-fd6f3bb1d206.jpg,['215 B62']
556c380a-342e-11ec-86dc-fd6f3bb1d206.jpg,['215 B62']
557f1fc3-342e-11ec-8013-fd6f3bb1d206.jpg,['215 B62']
5593ad5b-342e-11ec-b44f-fd6f3bb1d206.jpg,['215 B62']
55a734b4-342e-11ec-8642-fd6f3bb1d206.jpg,['215 B62']
55bc019a-342e-11ec-a92e-fd6f3bb1d206.jpg,['215 B62']
55d037f5-342e-11ec-9187-fd6f3bb1d206.jpg,['215 B62']
55e49fc1-342e-11ec-9f6b-fd6f3bb1d206.jpg,['215 B62']
55f996a4-342e-11ec-a62e-fd6f3bb1d206.jpg,['215 B62']
560f37f8-342e-11ec-b83b-fd6f3bb1d206.jpg,['215 B62']
56234073-342e-11ec-9bd1-fd6f3bb1d206.jpg,['215 B62']
5637a0bb-342e-11ec-87cf-fd6f3bb1d206.jpg,['215 B62']
564bab68-342e-11ec-b295-fd6f3bb1d206.jpg,['215 B62']
565e8f42-342e-11ec-b134-fd6f3bb1d206.jpg,['215 B62']
5675be06-342e-11ec-8425-fd6f3bb1d206.jpg,['215 B62']
568f94a4-342e-11ec-af20-fd6f3bb1d206.jpg,['215 B62']
56a2221d-342e-11ec-b3fd-fd6f3bb1d206.jpg,['215 B62']
56b5a855-342e-11ec-bd0c-fd6f3bb1d206.jpg,['215 B62']
56c9e5c1-342e-11ec-a46c-fd6f3bb1d206.jpg,['215 B62']
56e101a9-342e-11ec-9f07-fd6f3bb1d206.jpg,['215 B62']
56f910a2-342e-11ec-9143-fd6f3bb1d206.jpg,['215 B62']
57100859-342e-11ec-b01d-fd6f3bb1d206.jpg,['215 B62']
5723d33c-342e-11ec-8727-fd6f3bb1d206.jpg,['215 B62']
573aa4e2-342e-11ec-a019-fd6f3bb1d206.jpg,['215 B62']
574f33b3-342e-11ec-a779-fd6f3bb1d206.jpg,['215 B62']
57638651-342e-11ec-9e8b-fd6f3bb1d206.jpg,['215 B62']
57799032-342e-11ec-84c2-fd6f3bb1d206.jpg,['215 B62']
57901a88-342e-11ec-b040-fd6f3bb1d206.jpg,['215 B62']
57a6bce3-342e-11ec-898e-fd6f3bb1d206.jpg,['215 B62']
57bbf3a0-342e-11ec-9ff0-fd6f3bb1d206.jpg,['215 B62']
57d454ad-342e-11ec-a7f3-fd6f3bb1d206.jpg,['215 B62']
57ea2eab-342e-11ec-abfc-fd6f3bb1d206.jpg,['215 B62']
57fee6d5-342e-11ec-8f0e-fd6f3bb1d206.jpg,['215 B62']
5813da8a-342e-11ec-bced-fd6f3bb1d206.jpg,['215 B62']
582a4840-342e-11ec-b7d8-fd6f3bb1d206.jpg,['215 B62']
58463de4-342e-11ec-bcf4-fd6f3bb1d206.jpg,['215 B62']
5863447a-342e-11ec-8317-fd6f3bb1d206.jpg,['215 B62']
5879dc20-342e-11ec-92ff-fd6f3bb1d206.jpg,['215 B62']
58925d8e-342e-11ec-9eb5-fd6f3bb1d206.jpg,['215 B62']
58aa4c21-342e-11ec-8d2c-fd6f3bb1d206.jpg,['215 B62']
58c125c6-342e-11ec-a94d-fd6f3bb1d206.jpg,['215 B62']
58dbfd26-342e-11ec-add7-fd6f3bb1d206.jpg,['215 B62']
5905bf57-342e-11ec-96a3-fd6f3bb1d206.jpg,['215 B62']
592adf5a-342e-11ec-9543-fd6f3bb1d206.jpg,['215 B62']
594661b4-342e-11ec-921f-fd6f3bb1d206.jpg,['215 B62']
5961fd40-342e-11ec-8c2c-fd6f3bb1d206.jpg,['215 B62']
597a3705-342e-11ec-8a15-fd6f3bb1d206.jpg,['215 B62']
59918b96-342e-11ec-859c-fd6f3bb1d206.jpg,['215 B62']
59a6ebef-342e-11ec-aa0d-fd6f3bb1d206.jpg,['215 B62']
59bc004c-342e-11ec-a1fd-fd6f3bb1d206.jpg,['215 B62']
59d61cbd-342e-11ec-89fe-fd6f3bb1d206.jpg,['215 B62']
59f180dc-342e-11ec-a3fd-fd6f3bb1d206.jpg,['215 B62']
5a073eed-342e-11ec-988b-fd6f3bb1d206.jpg,['215 B62']
5a1b91b9-342e-11ec-865d-fd6f3bb1d206.jpg,['215 B62']
5a30a6e0-342e-11ec-9fb5-fd6f3bb1d206.jpg,['215 B62']
5a4470cc-342e-11ec-b237-fd6f3bb1d206.jpg,['215 B62']
5a5b577a-342e-11ec-8767-fd6f3bb1d206.jpg,['215 B62']
5a7307e0-342e-11ec-b0c7-fd6f3bb1d206.jpg,['215 B62']
5a8a2402-342e-11ec-a527-fd6f3bb1d206.jpg,['215 B62']
5aa1d2e3-342e-11ec-b5e8-fd6f3bb1d206.jpg,['215 B62']
5abe4e7b-342e-11ec-a6ce-fd6f3bb1d206.jpg,['215 B62']
5ad6394c-342e-11ec-9cc5-fd6f3bb1d206.jpg,['215 B62']
5aec3972-342e-11ec-ace3-fd6f3bb1d206.jpg,['215 B62']
5b0300c0-342e-11ec-b36b-fd6f3bb1d206.jpg,['215 B62']
5b1a4221-342e-11ec-ae5c-fd6f3bb1d206.jpg,['215 B62']
5b30503b-342e-11ec-8e47-fd6f3bb1d206.jpg,['215 B62']
5b44e7d9-342e-11ec-be65-fd6f3bb1d206.jpg,['215 B62']
5b5a70ad-342e-11ec-ba83-fd6f3bb1d206.jpg,['215 B62']
5b70b5c0-342e-11ec-b201-fd6f3bb1d206.jpg,['215 B62']
5b8460b3-342e-11ec-9fde-fd6f3bb1d206.jpg,['215 B62']
5b9b6fa3-342e-11ec-b290-fd6f3bb1d206.jpg,['215 B62']
5bb03325-342e-11ec-bbea-fd6f3bb1d206.jpg,['215 B62']
5bc5f7e4-342e-11ec-877c-fd6f3bb1d206.jpg,['215 B62']
5bdda591-342e-11ec-aed1-fd6f3bb1d206.jpg,['215 B62']
5bf4b1ff-342e-11ec-8b33-fd6f3bb1d206.jpg,['215 B62']
5c0f6f28-342e-11ec-9524-fd6f3bb1d206.jpg,['215 B62']
5c264f04-342e-11ec-b74b-fd6f3bb1d206.jpg,['215 B62']
5c3a9125-342e-11ec-b8d7-fd6f3bb1d206.jpg,['215 B62']
